country,product,year,budget_renewables,budget_total,share_budget_renewables
Austria,RDDUSDPPP,1990,3.671,22.212,16.52710246713488
Austria,RDDUSDPPP,1991,8.418,38.161,22.05917035717093
Austria,RDDUSDPPP,1992,7.245,31.711,22.846961622150044
Austria,RDDUSDPPP,1993,9.878,42.004,23.516807923054948
Austria,RDDUSDPPP,1994,12.774,46.335,27.568792489478795
Austria,RDDUSDPPP,1995,15.113,46.558,32.460586794965415
Austria,RDDUSDPPP,1996,11.729,46.427,25.263316604561997
Austria,RDDUSDPPP,1997,14.048,48.58,28.917249897076985
Austria,RDDUSDPPP,1998,18.473,51.495,35.87338576560831
Austria,RDDUSDPPP,1999,17.374,49.747,34.9247190785374
Austria,RDDUSDPPP,2000,12.079,43.105,28.022271198236865
Austria,RDDUSDPPP,2001,14.385,54.215,26.53324725629438
Austria,RDDUSDPPP,2002,17.369,52.352,33.177338019559905
Austria,RDDUSDPPP,2003,17.539,44.202,39.67920003619746
Austria,RDDUSDPPP,2004,16.615,58.378,28.46106409948953
Austria,RDDUSDPPP,2005,20.543,57.014,36.031501034833546
Austria,RDDUSDPPP,2006,23.041,70.584,32.64337526918282
Austria,RDDUSDPPP,2007,24.157,51.976,46.47722025550254
Austria,RDDUSDPPP,2008,39.11,113.768,34.376977709021865
Austria,RDDUSDPPP,2009,51.08,144.712,35.29769473160484
Austria,RDDUSDPPP,2010,52.289,188.062,27.80412842573194
Austria,RDDUSDPPP,2011,50.062,184.56,27.12505418292154
Austria,RDDUSDPPP,2012,42.237,179.753,23.497243439608802
Austria,RDDUSDPPP,2013,43.38,183.302,23.665862892930793
Austria,RDDUSDPPP,2014,46.677,206.073,22.650711155755484
Austria,RDDUSDPPP,2015,31.152,180.857,17.224658155338197
Austria,RDDUSDPPP,2016,42.178,194.923,21.63828793934015
Austria,RDDUSDPPP,2017,29.284,191.084,15.325197295430282
Austria,RDDUSDPPP,2018,31.254,204.048,15.316984239002588
Austria,RDDUSDPPP,2019,31.143,197.554,15.764297356672099
Canada,RDDUSDPPP,1990,18.034,546.064,3.3025432916288198
Canada,RDDUSDPPP,1991,17.216,507.266,3.393880133894249
Canada,RDDUSDPPP,1992,19.707,506.604,3.890020607812019
Canada,RDDUSDPPP,1993,17.697,429.773,4.117755187040601
Canada,RDDUSDPPP,1994,20.409,431.821,4.726263891751443
Canada,RDDUSDPPP,1995,19.946,422.284,4.723361529207832
Canada,RDDUSDPPP,1996,19.818,387.902,5.1090223819418314
Canada,RDDUSDPPP,1997,15.322,339.277,4.516073886529296
Canada,RDDUSDPPP,1998,15.756,318.918,4.940454913175174
Canada,RDDUSDPPP,1999,19.066,311.85,6.113836780503446
Canada,RDDUSDPPP,2000,35.315,320.293,11.025841963452212
Canada,RDDUSDPPP,2001,30.995,346.308,8.950125321967729
Canada,RDDUSDPPP,2002,34.376,375.003,9.166859998453345
Canada,RDDUSDPPP,2003,52.699,411.522,12.805876721050149
Canada,RDDUSDPPP,2004,36.085,343.193,10.514491845696154
Canada,RDDUSDPPP,2005,50.536,529.701,9.540476608501777
Canada,RDDUSDPPP,2006,82.335,627.111,13.129254629563187
Canada,RDDUSDPPP,2007,72.255,635.269,11.373921913394168
Canada,RDDUSDPPP,2008,88.167,656.94,13.42086035254361
Canada,RDDUSDPPP,2009,143.982,996.041,14.455429043583546
Canada,RDDUSDPPP,2010,142.91,1130.795,12.638011310626593
Canada,RDDUSDPPP,2011,167.785,949.896,17.66351263717291
Canada,RDDUSDPPP,2012,191.863,1169.274,16.408728835157543
Canada,RDDUSDPPP,2013,114.429,1208.575,9.468092588378877
Canada,RDDUSDPPP,2014,100.302,828.649,12.104280582007581
Canada,RDDUSDPPP,2015,122.978,798.836,15.394649214607254
Canada,RDDUSDPPP,2016,103.491,585.556,17.67397140495529
Canada,RDDUSDPPP,2017,105.24,690.313,15.245258310360663
Canada,RDDUSDPPP,2018,100.329,983.748,10.198648434355139
Canada,RDDUSDPPP,2019,105.26,897.206,11.73197682583487
Denmark,RDDUSDPPP,1990,13.437,54.508,24.65142731342188
Denmark,RDDUSDPPP,1991,27.154,64.675,41.98531117124082
Denmark,RDDUSDPPP,1992,29.126,75.243,38.70924870087583
Denmark,RDDUSDPPP,1993,31.363,72.858,43.04674846962585
Denmark,RDDUSDPPP,1994,27.33,61.553,44.40076032037431
Denmark,RDDUSDPPP,1995,25.632,57.478,44.59445353004628
Denmark,RDDUSDPPP,1996,20.779,50.072,41.49824253075571
Denmark,RDDUSDPPP,1997,26.818,58.261,46.03079246837507
Denmark,RDDUSDPPP,1998,29.421,70.424,41.77695103941838
Denmark,RDDUSDPPP,1999,25.475,68.474,37.20390221105821
Denmark,RDDUSDPPP,2000,25.685,69.549,36.93079699204876
Denmark,RDDUSDPPP,2001,28.741,68.017,42.25561256744638
Denmark,RDDUSDPPP,2002,14.618,34.012,42.978948606374225
Denmark,RDDUSDPPP,2003,14.51,35.366,41.02810609059549
Denmark,RDDUSDPPP,2004,33.747,67.875,49.719337016574585
Denmark,RDDUSDPPP,2005,38.756,99.136,39.09377017430601
Denmark,RDDUSDPPP,2006,41.31,111.916,36.911612280639055
Denmark,RDDUSDPPP,2007,52.917,135.146,39.15543190327499
Denmark,RDDUSDPPP,2008,58.747,110.663,53.08639744087906
Denmark,RDDUSDPPP,2009,69.919,132.183,52.89560684808182
Denmark,RDDUSDPPP,2010,102.422,220.885,46.368925006224956
Denmark,RDDUSDPPP,2011,95.353,209.177,45.5848396334205
Denmark,RDDUSDPPP,2012,78.155,181.602,43.036420303741146
Denmark,RDDUSDPPP,2013,99.924,192.866,51.81006501923615
Denmark,RDDUSDPPP,2014,67.047,178.046,37.65712231670467
Denmark,RDDUSDPPP,2015,83.584,175.764,47.5546755877199
Denmark,RDDUSDPPP,2016,54.875,117.067,46.87486652942333
Denmark,RDDUSDPPP,2017,33.526,99.765,33.60497168345613
Denmark,RDDUSDPPP,2018,48.549,96.866,50.119753060929526
Denmark,RDDUSDPPP,2019,43.432,104.554,41.540256709451576
Finland,RDDUSDPPP,1990,3.682,63.471,5.80107450646752
Finland,RDDUSDPPP,1991,2.995,69.339,4.319358513967609
Finland,RDDUSDPPP,1992,3.231,72.879,4.433375869592063
Finland,RDDUSDPPP,1993,8.206,74.499,11.014912951851704
Finland,RDDUSDPPP,1994,9.037,88.529,10.20795445560212
Finland,RDDUSDPPP,1995,9.201,102.651,8.963380775637841
Finland,RDDUSDPPP,1996,11.646,99.115,11.749987388387229
Finland,RDDUSDPPP,1997,18.771,137.315,13.670028765976042
Finland,RDDUSDPPP,1998,13.711,137.325,9.984343710176589
Finland,RDDUSDPPP,1999,15.295,129.464,11.814095038002842
Finland,RDDUSDPPP,2000,14.223,107.114,13.278376309352652
Finland,RDDUSDPPP,2001,13.162,99.302,13.25451652534692
Finland,RDDUSDPPP,2002,15.496,110.561,14.015792187118423
Finland,RDDUSDPPP,2003,30.43,92.451,32.91473321002477
Finland,RDDUSDPPP,2004,27.785,124.58,22.30293787124739
Finland,RDDUSDPPP,2005,19.026,121.502,15.65900149791773
Finland,RDDUSDPPP,2006,47.88,154.367,31.016991973673136
Finland,RDDUSDPPP,2007,50.162,212.504,23.605202725595753
Finland,RDDUSDPPP,2008,51.26,243.664,21.037165933416507
Finland,RDDUSDPPP,2009,62.561,330.955,18.903174147542718
Finland,RDDUSDPPP,2010,59.019,380.418,15.514250114347899
Finland,RDDUSDPPP,2011,80.329,350.792,22.89932495609934
Finland,RDDUSDPPP,2012,50.764,311.243,16.310085688674125
Finland,RDDUSDPPP,2013,66.444,304.87,21.794207367074492
Finland,RDDUSDPPP,2014,42.255,279.458,15.120340086882464
Finland,RDDUSDPPP,2015,47.773,301.767,15.831088223695765
Finland,RDDUSDPPP,2016,42.769,239.987,17.82138199152454
Finland,RDDUSDPPP,2017,48.706,270.331,18.017171541554614
Finland,RDDUSDPPP,2018,52.507,237.686,22.090909855860254
Finland,RDDUSDPPP,2019,25.496,175.901,14.494516802064798
France,RDDUSDPPP,1990,14.518,946.663,1.5335974892860502
France,RDDUSDPPP,1991,13.332,935.139,1.425670408356405
France,RDDUSDPPP,1992,12.988,874.158,1.4857725948855927
France,RDDUSDPPP,1993,9.533,869.137,1.0968351364629512
France,RDDUSDPPP,1994,9.005,813.74,1.1066188217366728
France,RDDUSDPPP,1995,8.941,952.593,0.9385960215957919
France,RDDUSDPPP,1996,8.441,903.945,0.9337957508476732
France,RDDUSDPPP,1997,5.208,906.331,0.5746245025272224
France,RDDUSDPPP,1998,7.003,968.568,0.7230261582046899
France,RDDUSDPPP,1999,22.944,1132.617,2.025750982017752
France,RDDUSDPPP,2000,23.708,1059.398,2.2378747175282565
France,RDDUSDPPP,2001,31.865,781.754,4.07609043254016
France,RDDUSDPPP,2002,81.847,1708.281,4.791190676475357
France,RDDUSDPPP,2003,72.152,1705.81,4.229779400988387
France,RDDUSDPPP,2004,84.597,1656.592,5.106688913142161
France,RDDUSDPPP,2005,112.169,1720.142,6.520915133750585
France,RDDUSDPPP,2006,134.825,1730.6,7.790650641396048
France,RDDUSDPPP,2007,171.046,1846.743,9.26203591945387
France,RDDUSDPPP,2008,217.574,2014.702,10.799314241014304
France,RDDUSDPPP,2009,348.519,2249.335,15.494312763550116
France,RDDUSDPPP,2010,268.342,2105.796,12.743019741703376
France,RDDUSDPPP,2011,330.69,2260.934,14.62625622862056
France,RDDUSDPPP,2012,321.332,2243.702,14.321509719205133
France,RDDUSDPPP,2013,369.217,2313.347,15.960294759065544
France,RDDUSDPPP,2014,355.641,2206.311,16.119259705454038
France,RDDUSDPPP,2015,352.419,2093.672,16.83257931519359
France,RDDUSDPPP,2016,315.477,1980.747,15.927172930212691
France,RDDUSDPPP,2017,256.309,1909.451,13.423177656823873
France,RDDUSDPPP,2018,257.328,1959.014,13.135587596617482
France,RDDUSDPPP,2019,250.956,1976.041,12.699938918271434
Germany,RDDUSDPPP,1990,170.032,917.698,18.528099658057446
Germany,RDDUSDPPP,1991,187.452,896.735,20.90383446614663
Germany,RDDUSDPPP,1992,197.133,700.622,28.136855536937183
Germany,RDDUSDPPP,1993,214.81,680.15,31.58273910166875
Germany,RDDUSDPPP,1994,142.529,546.302,26.089781842277716
Germany,RDDUSDPPP,1995,125.836,468.012,26.88734476893755
Germany,RDDUSDPPP,1996,156.753,505.641,31.000848428034907
Germany,RDDUSDPPP,1997,123.342,458.8,26.883609415867483
Germany,RDDUSDPPP,1998,138.706,492.126,28.185058298078136
Germany,RDDUSDPPP,1999,122.476,328.98,37.22901088212049
Germany,RDDUSDPPP,2000,128.779,473.056,27.222781235202596
Germany,RDDUSDPPP,2001,122.539,508.405,24.102634710516224
Germany,RDDUSDPPP,2002,129.373,453.232,28.544542309457405
Germany,RDDUSDPPP,2003,117.228,638.748,18.35277762122151
Germany,RDDUSDPPP,2004,94.92,618.756,15.340457304656441
Germany,RDDUSDPPP,2005,152.299,652.881,23.327221959285076
Germany,RDDUSDPPP,2006,146.784,657.092,22.33842445197933
Germany,RDDUSDPPP,2007,149.248,675.845,22.08316995760862
Germany,RDDUSDPPP,2008,191.751,771.385,24.858015128632267
Germany,RDDUSDPPP,2009,291.685,948.04,30.767161723134045
Germany,RDDUSDPPP,2010,299.283,975.878,30.66807531269278
Germany,RDDUSDPPP,2011,379.759,1114.802,34.06515237683463
Germany,RDDUSDPPP,2012,367.166,1085.054,33.838500203676496
Germany,RDDUSDPPP,2013,385.504,1218.631,31.634186230286282
Germany,RDDUSDPPP,2014,281.938,1253.898,22.4849230160667
Germany,RDDUSDPPP,2015,300.847,1320.642,22.7803598552825
Germany,RDDUSDPPP,2016,269.941,1339.934,20.14584300420767
Germany,RDDUSDPPP,2017,333.996,1510.075,22.117841829048224
Germany,RDDUSDPPP,2018,288.878,1468.047,19.677707866301283
Germany,RDDUSDPPP,2019,334.428,1563.971,21.383260942817994
Italy,RDDUSDPPP,1990,97.033,1256.056,7.725212888597323
Italy,RDDUSDPPP,1991,74.081,1151.965,6.430837742466135
Italy,RDDUSDPPP,1993,54.976,599.222,9.17456301671167
Italy,RDDUSDPPP,1994,62.264,568.448,10.953332582751633
Italy,RDDUSDPPP,1995,84.938,585.946,14.49587504650599
Italy,RDDUSDPPP,1996,79.965,546.71,14.626584478059664
Italy,RDDUSDPPP,1997,73.462,496.998,14.781146000587528
Italy,RDDUSDPPP,1998,68.783,486.451,14.13975919465681
Italy,RDDUSDPPP,2000,47.214,556.204,8.488612091966258
Italy,RDDUSDPPP,2001,77.745,582.065,13.356755688797643
Italy,RDDUSDPPP,2002,103.459,597.075,17.32763890633505
Italy,RDDUSDPPP,2003,97.608,561.919,17.370475104063043
Italy,RDDUSDPPP,2004,95.436,535.418,17.824578180038774
Italy,RDDUSDPPP,2005,91.155,475.113,19.185962076390247
Italy,RDDUSDPPP,2006,64.935,654.407,9.922723931742784
Italy,RDDUSDPPP,2007,94.143,623.805,15.091735398081132
Italy,RDDUSDPPP,2008,135.845,651.712,20.844330010802317
Italy,RDDUSDPPP,2009,104.792,591.567,17.714307931307864
Italy,RDDUSDPPP,2010,165.324,787.048,21.00558034579848
Italy,RDDUSDPPP,2011,204.658,890.125,22.99205167813509
Italy,RDDUSDPPP,2012,208.9,914.094,22.85322953656845
Italy,RDDUSDPPP,2013,183.68,853.299,21.525866079768054
Italy,RDDUSDPPP,2014,145.057,890.077,16.297129349483246
Italy,RDDUSDPPP,2015,123.504,770.637,16.02622246271591
Italy,RDDUSDPPP,2016,129.989,666.596,19.500417044206685
Italy,RDDUSDPPP,2017,131.317,673.416,19.50013067702579
Italy,RDDUSDPPP,2018,135.968,696.146,19.531535051555277
Italy,RDDUSDPPP,1992,64.52850000000001,875.5935,7.369686960901378
Italy,RDDUSDPPP,1999,57.9985,521.3275,11.12515645155876
Italy,RDDUSDPPP,2019,135.968,696.146,19.531535051555277
Japan,RDDUSDPPP,1990,128.92,3395.868,3.796378422247272
Japan,RDDUSDPPP,1991,124.648,3434.549,3.629239239271299
Japan,RDDUSDPPP,1992,119.474,3466.412,3.446618578518653
Japan,RDDUSDPPP,1993,124.17,3549.028,3.498704434002775
Japan,RDDUSDPPP,1994,112.538,3726.036,3.020314350156574
Japan,RDDUSDPPP,1995,113.337,3850.165,2.9436920235885995
Japan,RDDUSDPPP,1996,114.996,3983.553,2.886769675212053
Japan,RDDUSDPPP,1997,114.084,3784.481,3.0145216741740812
Japan,RDDUSDPPP,1998,126.291,3823.762,3.302794473086976
Japan,RDDUSDPPP,1999,134.558,3801.882,3.5392471412842372
Japan,RDDUSDPPP,2000,160.689,3881.174,4.140216336603306
Japan,RDDUSDPPP,2001,145.705,3898.143,3.737805411448477
Japan,RDDUSDPPP,2002,184.303,4714.54,3.9092467133590976
Japan,RDDUSDPPP,2003,150.919,4312.379,3.4996692081099554
Japan,RDDUSDPPP,2004,327.234,4019.998,8.140153303558858
Japan,RDDUSDPPP,2005,243.687,4020.753,6.060730415422186
Japan,RDDUSDPPP,2006,265.889,4034.632,6.590167331246072
Japan,RDDUSDPPP,2007,199.913,3905.323,5.118987597184663
Japan,RDDUSDPPP,2008,196.417,3923.516,5.006147547250986
Japan,RDDUSDPPP,2009,127.63,3663.034,3.484270143274673
Japan,RDDUSDPPP,2010,208.678,3549.774,5.878627766162015
Japan,RDDUSDPPP,2011,957.767,3820.762,25.06743419244643
Japan,RDDUSDPPP,2012,833.402,3968.183,21.002106001663734
Japan,RDDUSDPPP,2013,775.557,3082.885,25.156857943127946
Japan,RDDUSDPPP,2014,734.073,3515.488,20.881112380414894
Japan,RDDUSDPPP,2015,495.779,2944.104,16.839724411909362
Japan,RDDUSDPPP,2016,418.415,2746.747,15.233110293740197
Japan,RDDUSDPPP,2017,356.559,2634.892,13.532205494570556
Japan,RDDUSDPPP,2018,478.128,3151.508,15.171403658185225
Japan,RDDUSDPPP,2019,343.928,3076.322,11.179843982521986
Netherlands,RDDUSDPPP,1990,63.019,312.124,20.190373056862015
Netherlands,RDDUSDPPP,1991,61.169,302.957,20.19065411923144
Netherlands,RDDUSDPPP,1992,36.263,291.272,12.449875030898953
Netherlands,RDDUSDPPP,1993,36.312,323.66,11.21918062163999
Netherlands,RDDUSDPPP,1994,45.343,342.423,13.241809107448974
Netherlands,RDDUSDPPP,1995,40.583,245.155,16.554016846484878
Netherlands,RDDUSDPPP,1996,49.003,254.554,19.25053230355838
Netherlands,RDDUSDPPP,1997,64.634,285.255,22.65832325463182
Netherlands,RDDUSDPPP,1998,70.79,267.779,26.43597892291778
Netherlands,RDDUSDPPP,1999,73.788,265.345,27.808325010834945
Netherlands,RDDUSDPPP,2000,55.618,230.761,24.101992971082637
Netherlands,RDDUSDPPP,2001,71.833,278.931,25.75296399467969
Netherlands,RDDUSDPPP,2002,74.129,236.529,31.340343044616098
Netherlands,RDDUSDPPP,2003,80.071,211.797,37.80554021067343
Netherlands,RDDUSDPPP,2005,63.736,192.969,33.02913939544694
Netherlands,RDDUSDPPP,2006,71.959,208.383,34.532087550328
Netherlands,RDDUSDPPP,2007,101.832,317.726,32.0502571397997
Netherlands,RDDUSDPPP,2008,70.424,220.841,31.889006117523465
Netherlands,RDDUSDPPP,2009,90.473,309.576,29.224810708840476
Netherlands,RDDUSDPPP,2010,204.462,517.356,39.52056224340686
Netherlands,RDDUSDPPP,2011,78.759,222.374,35.41735994315882
Netherlands,RDDUSDPPP,2012,133.338,286.444,46.549412799709536
Netherlands,RDDUSDPPP,2013,128.356,266.129,48.23074524009033
Netherlands,RDDUSDPPP,2014,91.396,219.048,41.72418830575947
Netherlands,RDDUSDPPP,2015,141.931,262.374,54.09491794156433
Netherlands,RDDUSDPPP,2016,118.085,243.352,48.52435977514054
Netherlands,RDDUSDPPP,2017,104.378,278.735,37.44703750874486
Netherlands,RDDUSDPPP,2018,143.273,321.617,44.547707366215086
Netherlands,RDDUSDPPP,2019,107.604,378.934,28.39650176547895
Netherlands,RDDUSDPPP,2004,71.9035,202.38299999999998,35.52842877119126
New Zealand,RDDUSDPPP,1990,0.83,2.514,33.0151153540175
New Zealand,RDDUSDPPP,1991,0.819,2.47,33.1578947368421
New Zealand,RDDUSDPPP,1993,1.554,5.612,27.69066286528867
New Zealand,RDDUSDPPP,1994,1.711,4.489,38.11539318333705
New Zealand,RDDUSDPPP,1995,1.987,5.077,39.13728579870002
New Zealand,RDDUSDPPP,1996,2.56,6.074,42.1468554494567
New Zealand,RDDUSDPPP,1997,2.541,5.805,43.77260981912145
New Zealand,RDDUSDPPP,1998,2.976,7.172,41.494701617401006
New Zealand,RDDUSDPPP,1999,2.042,6.848,29.818925233644855
New Zealand,RDDUSDPPP,2000,2.165,6.938,31.204958201210726
New Zealand,RDDUSDPPP,2001,3.824,9.317,41.043254266394754
New Zealand,RDDUSDPPP,2002,2.786,10.531,26.45522742379641
New Zealand,RDDUSDPPP,2003,3.874,11.788,32.8639294197489
New Zealand,RDDUSDPPP,2004,4.226,13.211,31.988494436454467
New Zealand,RDDUSDPPP,2005,4.147,12.915,32.10994967092529
New Zealand,RDDUSDPPP,2006,3.934,15.69,25.073295092415552
New Zealand,RDDUSDPPP,2007,5.018,19.407,25.856649662492913
New Zealand,RDDUSDPPP,2008,15.571,29.143,53.429640050784066
New Zealand,RDDUSDPPP,2009,15.318,28.901,53.00162624130653
New Zealand,RDDUSDPPP,2010,14.614,27.756,52.65167891627036
New Zealand,RDDUSDPPP,2011,13.134,20.809,63.11692056321784
New Zealand,RDDUSDPPP,2012,9.912,17.463,56.76000687167153
New Zealand,RDDUSDPPP,2013,10.473,16.906,61.948420679048866
New Zealand,RDDUSDPPP,2014,10.35,17.281,59.89236733985302
New Zealand,RDDUSDPPP,2015,7.08,16.953,41.76251990798089
New Zealand,RDDUSDPPP,2016,5.001,11.505,43.46805736636245
New Zealand,RDDUSDPPP,2017,5.558,23.496,23.65509022812394
New Zealand,RDDUSDPPP,2018,7.873,21.996,35.7928714311693
New Zealand,RDDUSDPPP,2019,9.832,25.209,39.00194375024793
New Zealand,RDDUSDPPP,1992,1.1865,4.041,29.361544172234595
Norway,RDDUSDPPP,1990,8.177,76.725,10.657543173672206
Norway,RDDUSDPPP,1991,14.75,85.597,17.23191233337617
Norway,RDDUSDPPP,1992,16.192,91.439,17.70798018351032
Norway,RDDUSDPPP,1993,12.849,83.645,15.361348556399069
Norway,RDDUSDPPP,1994,10.544,81.358,12.960003933233363
Norway,RDDUSDPPP,1995,6.902,67.555,10.2168603360225
Norway,RDDUSDPPP,1996,6.408,61.376,10.440563086548488
Norway,RDDUSDPPP,1997,6.313,58.329,10.823089715235987
Norway,RDDUSDPPP,1998,7.428,57.877,12.834113723931786
Norway,RDDUSDPPP,1999,7.307,72.603,10.06432241091966
Norway,RDDUSDPPP,2000,7.319,62.683,11.676212051114337
Norway,RDDUSDPPP,2001,5.718,64.101,8.92029765526279
Norway,RDDUSDPPP,2002,5.455,66.563,8.195243603803915
Norway,RDDUSDPPP,2003,4.823,63.252,7.625055334218681
Norway,RDDUSDPPP,2004,5.289,73.756,7.170942025055588
Norway,RDDUSDPPP,2005,4.945,79.112,6.2506320153706145
Norway,RDDUSDPPP,2006,5.798,90.578,6.401112853010665
Norway,RDDUSDPPP,2007,10.718,103.811,10.324532082341948
Norway,RDDUSDPPP,2008,12.013,91.199,13.172293555850393
Norway,RDDUSDPPP,2009,68.429,306.781,22.305488279913032
Norway,RDDUSDPPP,2010,83.573,418.734,19.958493936484736
Norway,RDDUSDPPP,2011,62.641,351.413,17.825464624245548
Norway,RDDUSDPPP,2012,60.459,308.165,19.6190352570863
Norway,RDDUSDPPP,2013,48.492,260.716,18.59954893447276
Norway,RDDUSDPPP,2014,53.099,390.445,13.599610700610839
Norway,RDDUSDPPP,2015,61.766,365.723,16.888738198035124
Norway,RDDUSDPPP,2016,57.525,314.414,18.295941020438022
Norway,RDDUSDPPP,2017,55.522,328.319,16.9109920534602
Norway,RDDUSDPPP,2018,58.428,289.819,20.160168933023712
Norway,RDDUSDPPP,2019,272.418,577.795,47.14786386175028
Spain,RDDUSDPPP,1990,43.751,112.008,39.0606028140847
Spain,RDDUSDPPP,1991,36.55,251.427,14.537022674573533
Spain,RDDUSDPPP,1992,49.971,199.662,25.027796976890944
Spain,RDDUSDPPP,1993,44.972,167.798,26.801272959153266
Spain,RDDUSDPPP,1994,32.945,178.201,18.4875505749126
Spain,RDDUSDPPP,1995,31.898,159.222,20.03366368969112
Spain,RDDUSDPPP,1996,31.908,152.089,20.97982102584671
Spain,RDDUSDPPP,1997,31.848,151.076,21.080780534300615
Spain,RDDUSDPPP,1998,39.644,115.599,34.29441431154249
Spain,RDDUSDPPP,1999,33.972,119.036,28.539265432306195
Spain,RDDUSDPPP,2000,36.939,113.607,32.51472180411418
Spain,RDDUSDPPP,2001,34.515,109.871,31.414112914235787
Spain,RDDUSDPPP,2002,33.99,97.248,34.95187561697927
Spain,RDDUSDPPP,2003,41.803,113.411,36.859740236837695
Spain,RDDUSDPPP,2004,42.804,86.539,49.462092235870536
Spain,RDDUSDPPP,2005,46.591,94.081,49.52222021449602
Spain,RDDUSDPPP,2006,50.814,107.411,47.30800383573377
Spain,RDDUSDPPP,2007,52.623,130.629,40.28431665250442
Spain,RDDUSDPPP,2008,63.121,149.914,42.104806755873376
Spain,RDDUSDPPP,2009,130.294,239.981,54.29346489930453
Spain,RDDUSDPPP,2010,143.455,250.194,57.33750609527007
Spain,RDDUSDPPP,2011,245.104,471.604,51.97241753674694
Spain,RDDUSDPPP,2012,132.236,279.002,47.39607601379201
Spain,RDDUSDPPP,2013,64.888,123.824,52.40341129344878
Spain,RDDUSDPPP,2014,95.903,163.994,58.47957852116541
Spain,RDDUSDPPP,2015,90.696,182.655,49.65426623963209
Spain,RDDUSDPPP,2016,71.956,148.361,48.50061673890039
Spain,RDDUSDPPP,2017,44.197,127.479,34.67002408239789
Spain,RDDUSDPPP,2018,106.113,168.633,62.92540605931223
Spain,RDDUSDPPP,2019,86.206,165.193,52.18501994636576
Sweden,RDDUSDPPP,1990,23.122,119.871,19.289069082597127
Sweden,RDDUSDPPP,1991,15.351,106.275,14.444601270289345
Sweden,RDDUSDPPP,1992,37.304,132.467,28.160975941177803
Sweden,RDDUSDPPP,1993,18.748,100.383,18.676469123257924
Sweden,RDDUSDPPP,1994,22.661,105.788,21.42114417514274
Sweden,RDDUSDPPP,1995,17.47,77.192,22.63187895118665
Sweden,RDDUSDPPP,1996,11.129,69.655,15.977316775536574
Sweden,RDDUSDPPP,1997,11.457,77.601,14.763985000193298
Sweden,RDDUSDPPP,1998,18.541,72.54,25.55969120485249
Sweden,RDDUSDPPP,1999,18.101,96.386,18.779698296433093
Sweden,RDDUSDPPP,2000,35.006,104.076,33.63503593527807
Sweden,RDDUSDPPP,2001,37.67,119.838,31.43410270531885
Sweden,RDDUSDPPP,2002,35.351,131.998,26.78146638585433
Sweden,RDDUSDPPP,2003,28.984,132.438,21.88495748954228
Sweden,RDDUSDPPP,2004,47.748,140.149,34.06945465183483
Sweden,RDDUSDPPP,2005,18.941,80.81,23.438930825392895
Sweden,RDDUSDPPP,2006,44.95,118.703,37.86761918401388
Sweden,RDDUSDPPP,2007,38.667,120.923,31.976547058872175
Sweden,RDDUSDPPP,2008,41.618,131.543,31.63832359000479
Sweden,RDDUSDPPP,2009,67.049,195.946,34.21810090535148
Sweden,RDDUSDPPP,2010,91.716,202.689,45.2496188742359
Sweden,RDDUSDPPP,2011,69.115,171.454,40.311103852928476
Sweden,RDDUSDPPP,2012,48.903,162.66,30.064551825894505
Sweden,RDDUSDPPP,2013,65.74,186.184,35.309156533321875
Sweden,RDDUSDPPP,2014,75.663,199.29,37.96628029504742
Sweden,RDDUSDPPP,2015,47.287,210.212,22.494909900481417
Sweden,RDDUSDPPP,2016,54.496,212.211,25.680101408503802
Sweden,RDDUSDPPP,2017,32.552,203.182,16.021104231674066
Sweden,RDDUSDPPP,2018,47.2,212.412,22.220966800369094
Sweden,RDDUSDPPP,2019,45.289,211.448,21.41850478604669
Switzerland,RDDUSDPPP,1990,40.617,200.093,20.29906093666445
Switzerland,RDDUSDPPP,1991,43.554,201.563,21.608132444942775
Switzerland,RDDUSDPPP,1992,52.084,218.854,23.7985140778784
Switzerland,RDDUSDPPP,1993,54.512,216.594,25.167825516865655
Switzerland,RDDUSDPPP,1994,51.648,211.574,24.41131708054865
Switzerland,RDDUSDPPP,1995,50.643,204.759,24.732978770163953
Switzerland,RDDUSDPPP,1996,48.295,196.119,24.625355014047596
Switzerland,RDDUSDPPP,1997,51.175,187.64,27.272969516094648
Switzerland,RDDUSDPPP,1998,49.869,174.358,28.60149806719508
Switzerland,RDDUSDPPP,1999,51.522,171.802,29.98917358354385
Switzerland,RDDUSDPPP,2000,37.243,157.031,23.71697308174819
Switzerland,RDDUSDPPP,2001,36.135,161.119,22.42752251441481
Switzerland,RDDUSDPPP,2002,38.957,167.83,23.21217899064529
Switzerland,RDDUSDPPP,2003,40.87,169.944,24.04909852657346
Switzerland,RDDUSDPPP,2004,33.537,148.521,22.580645161290324
Switzerland,RDDUSDPPP,2005,30.838,142.309,21.669746818542748
Switzerland,RDDUSDPPP,2006,28.932,149.082,19.406769428904898
Switzerland,RDDUSDPPP,2007,29.19,152.02,19.20142086567557
Switzerland,RDDUSDPPP,2008,39.19,172.32,22.742571959145774
Switzerland,RDDUSDPPP,2009,46.74,183.035,25.53609965307182
Switzerland,RDDUSDPPP,2010,43.387,168.711,25.716758243386618
Switzerland,RDDUSDPPP,2011,55.416,200.037,27.702874968130892
Switzerland,RDDUSDPPP,2012,56.284,209.299,26.891671723228487
Switzerland,RDDUSDPPP,2013,53.766,213.7,25.159569489939166
Switzerland,RDDUSDPPP,2014,74.734,262.968,28.419427458854308
Switzerland,RDDUSDPPP,2015,75.3,299.099,25.175610750955368
Switzerland,RDDUSDPPP,2016,95.61,346.026,27.630871668602936
Switzerland,RDDUSDPPP,2017,101.629,354.817,28.642652409551967
Switzerland,RDDUSDPPP,2018,106.633,342.235,31.157830145952342
Switzerland,RDDUSDPPP,2019,99.519,340.027,29.267969896508223
United Kingdom,RDDUSDPPP,1990,45.016,509.224,8.840117512136112
United Kingdom,RDDUSDPPP,1991,49.2,410.373,11.989092849675783
United Kingdom,RDDUSDPPP,1992,44.753,370.946,12.064559261995006
United Kingdom,RDDUSDPPP,1993,40.994,266.859,15.361670395227442
United Kingdom,RDDUSDPPP,1994,24.264,135.736,17.875876701832972
United Kingdom,RDDUSDPPP,1995,21.843,126.933,17.208290988159106
United Kingdom,RDDUSDPPP,1996,14.211,83.727,16.973019456089432
United Kingdom,RDDUSDPPP,1997,9.881,113.556,8.701433653880024
United Kingdom,RDDUSDPPP,1998,7.436,99.997,7.436223086692601
United Kingdom,RDDUSDPPP,1999,10.391,96.674,10.748494941763038
United Kingdom,RDDUSDPPP,2000,9.764,106.411,9.175743109265019
United Kingdom,RDDUSDPPP,2001,13.374,66.567,20.091036098967958
United Kingdom,RDDUSDPPP,2002,22.569,75.799,29.77479913983034
United Kingdom,RDDUSDPPP,2003,24.359,71.734,33.957398165444566
United Kingdom,RDDUSDPPP,2004,40.239,99.449,40.461945318706064
United Kingdom,RDDUSDPPP,2005,72.871,142.376,51.18208124964882
United Kingdom,RDDUSDPPP,2006,96.027,224.097,42.85064057082424
United Kingdom,RDDUSDPPP,2007,139.064,270.177,51.47144279490852
United Kingdom,RDDUSDPPP,2008,85.837,291.18,29.479016415962633
United Kingdom,RDDUSDPPP,2009,162.371,486.494,33.37574564126176
United Kingdom,RDDUSDPPP,2010,297.239,905.79,32.81544287307213
United Kingdom,RDDUSDPPP,2011,102.156,610.037,16.74586951283283
United Kingdom,RDDUSDPPP,2012,100.401,543.103,18.486548592071856
United Kingdom,RDDUSDPPP,2013,150.069,680.967,22.037631779513546
United Kingdom,RDDUSDPPP,2014,114.549,569.057,20.129617946884057
United Kingdom,RDDUSDPPP,2015,114.036,620.907,18.366035493238115
United Kingdom,RDDUSDPPP,2016,197.037,777.586,25.33957658702703
United Kingdom,RDDUSDPPP,2017,159.73,1030.696,15.49729503170673
United Kingdom,RDDUSDPPP,2018,194.114,1141.056,17.011785574064724
United Kingdom,RDDUSDPPP,2019,170.427,1232.839,13.823946192487421
United States,RDDUSDPPP,1990,193.839,4452.725,4.35326681975644
United States,RDDUSDPPP,1991,258.983,4486.32,5.772726867454841
United States,RDDUSDPPP,1992,216.356,3672.639,5.891022776809809
United States,RDDUSDPPP,1993,197.095,3580.339,5.5049256508950695
United States,RDDUSDPPP,1994,356.682,3939.984,9.05287940255595
United States,RDDUSDPPP,1995,431.602,3808.253,11.333333158274934
United States,RDDUSDPPP,1996,318.9,3340.252,9.547183865169453
United States,RDDUSDPPP,1997,300.461,2998.263,10.02116892347336
United States,RDDUSDPPP,1998,369.089,3053.772,12.086331265071525
United States,RDDUSDPPP,1999,384.951,3412.453,11.28077075347265
United States,RDDUSDPPP,2000,306.754,3299.849,9.296001120051251
United States,RDDUSDPPP,2001,356.404,4005.837,8.897116882189666
United States,RDDUSDPPP,2002,346.619,3989.834,8.687554419557305
United States,RDDUSDPPP,2003,334.002,3785.236,8.823809136339188
United States,RDDUSDPPP,2004,325.71,3872.775,8.410248465247786
United States,RDDUSDPPP,2005,325.189,4290.686,7.578951244626151
United States,RDDUSDPPP,2006,256.324,3971.491,6.45409998411176
United States,RDDUSDPPP,2007,683.456,4963.51,13.769610618292297
United States,RDDUSDPPP,2008,540.075,5285.758,10.2175506332299
United States,RDDUSDPPP,2009,2638.454,11734.302,22.48496757625635
United States,RDDUSDPPP,2010,1548.052,5634.437,27.474830227048415
United States,RDDUSDPPP,2011,1343.649,7376.325,18.21569684090655
United States,RDDUSDPPP,2012,1692.571,7015.424,24.126424860421835
United States,RDDUSDPPP,2013,1095.639,6620.228,16.549868071009033
United States,RDDUSDPPP,2014,990.86,6812.496,14.544742484986415
United States,RDDUSDPPP,2015,977.549,6576.18,14.864997612595761
United States,RDDUSDPPP,2016,774.232,6710.956,11.536836182505144
United States,RDDUSDPPP,2017,710.385,6733.524,10.549973535402858
United States,RDDUSDPPP,2018,777.975,7616.869,10.213842459414755
United States,RDDUSDPPP,2019,776.799,8159.546,9.520125261871188
